Audi,S6,1995
Chevrolet,Impala,2010
Chevrolet,Corvette,1973
Mitsubishi,3000GT,1996
Mitsubishi,Tredia,1985
Buick,Regal,1987
Pontiac,Bonneville,1996
Honda,Ridgeline,2006
Saturn,L-Series,2002
BMW,M5,2003
Acura,MDX,2010
Suzuki,SJ,1988
Lotus,Exige,2007
Chevrolet,Express 3500,1998
Mercury,Cougar,1967
Toyota,RAV4,1999
Chevrolet,Silverado 3500,2004
Nissan,Sentra,1994
Maserati,GranTurismo,2008
Chevrolet,G-Series G10,1993
Volvo,XC90,2010
Mercury,Sable,1992
Mercedes-Benz,S-Class,1990
GMC,Yukon XL 1500,2009
Bentley,Continental Flying Spur,2009
Chevrolet,Cobalt,2007
Pontiac,6000,1991
GMC,2500 Club Coupe,1996
Oldsmobile,88,1999
Jeep,Grand Cherokee,2008
Chevrolet,Corvette,1953
Pontiac,Firefly,1984
Dodge,Ram 3500,2001
Acura,RL,2010
Mercedes-Benz,600SEC,1993
Ford,Aerostar,1995
Toyota,Sienna,2005
Mercury,Cougar,1999
Saab,900,1987
Cadillac,CTS-V,2010
Volkswagen,GTI,1997
Mazda,626,1998
Jeep,Liberty,2008
Honda,Prelude,1998
Bentley,Continental GTC,2008
Nissan,Armada,2006
Chevrolet,Express 2500,2007
Pontiac,G3,2010
Pontiac,Firebird Formula,1992
Lincoln,Navigator,2012
